source_file,row_id,caption_original,price,category,has_link,contains_renew,mentions_tip
ALLTIME_MASS_MESSAGE_STATS - MASS.MESSAGE.STATS(has data for inactive girls).csv,69,💦 I’ll be sending this video to everyone who has their RENEW button ON 💦 make sure u have it ON by Sunday night…. if u want to see me be a CUM DUMPSTER 😋 those tits were made to take loads of cum 😝,0.0,Renew campaign captions,False,True,False
ALLTIME_MASS_MESSAGE_STATS - MASS.MESSAGE.STATS(has data for inactive girls).csv,78,"❤️❤️ thank you for being a loyal subscriber and keeping ur ""RENEW ON"" for me ❤️❤️ so here's 2 little exclusive videos to show my appreciation 😋 first one is just me trying to tan ...but apparently that is too much of a turn-on for a man ...he can't just watch from a distance without unloading his cum all over me 😝 but i obviously enjoy that too so i let him use me as a cum dumpster",0.0,Renew campaign captions,False,True,False
ALLTIME_MASS_MESSAGE_STATS - MASS.MESSAGE.STATS(has data for inactive girls).csv,79,"❤️❤️ part 2 of my thank you for having ur ""RENEW ON"" ❤️❤️ another attempt at the world's biggest cock 😝",0.0,Renew campaign captions,False,True,False
ALLTIME_MASS_MESSAGE_STATS - MASS.MESSAGE.STATS(has data for inactive girls).csv,117,"hey guy 😍 just wanted to let you know that i'll be sending a NEW FREE MASKED VIDEO to everyone who has their "" RENEW / REBILL "" option turned on 😍😍 i'm sending it to the entire list of "" RENEW ON "" this saturday ❤️❤️❤️ have a great week 😘",0.0,Renew campaign captions,False,True,False
ALLTIME_MASS_MESSAGE_STATS - MASS.MESSAGE.STATS(has data for inactive girls).csv,134,"♥️🎉 Happy New Years !! 🍾🥂 Wishing you all health, love, happiness & wealth💋 • I hope you are all ready for 2022.. I have lots of NEW sexy dirty content planned 🤐 .. you are not ready for it!! Make sure your auto renew is on to find out 🔥💦",0.0,Renew campaign captions,False,True,False
ALLTIME_MASS_MESSAGE_STATS - MASS.MESSAGE.STATS(has data for inactive girls).csv,144,Hey guys ❤️ I’m sending a free masked videos this weekend to everyone who has their REBILL / RENEW turned ON So make sure yours is ON 😋,0.0,Renew campaign captions,False,True,False
ALLTIME_MASS_MESSAGE_STATS - MASS.MESSAGE.STATS(has data for inactive girls).csv,146,"🎁 i just wanted to thank you for keeping your ""RENEW ON"" 🎁 so for this month...here's a masked JOI video - in a dress / heels / pantyhose ❤️ i appreciate ur support 😘",0.0,Renew campaign captions,False,True,False
ALLTIME_MASS_MESSAGE_STATS - MASS.MESSAGE.STATS(has data for inactive girls).csv,197,Happy Titty Tuesday everyone !! Don’t forget to turn on ur rebill(renew on)☑️ to get a FREE video tomorrow! Oil/Dragon Tongue/Riding/ Squ*rt - 9 minute Video 💦 preview is on wall!,0.0,Renew campaign captions,False,True,False
ALLTIME_MASS_MESSAGE_STATS - MASS.MESSAGE.STATS(has data for inactive girls).csv,202,Have a great wet week everyone 🧖‍♀️ Don’t forget to turn on AUTO RENEW for free stuff 🫶🏼,0.0,Renew campaign captions,False,True,False
ALLTIME_MASS_MESSAGE_STATS - MASS.MESSAGE.STATS(has data for inactive girls).csv,209,Here’s some new wallpapers for u guys 😋 andddddd don’t forget to keep your” RENEW : ON” cuz I’m sending a FREE VIDEO at the end of the month to everyone who has their RENEW ON ❤️,0.0,Renew campaign captions,False,True,False
ALLTIME_MASS_MESSAGE_STATS - MASS.MESSAGE.STATS(has data for inactive girls).csv,220,Just a reminder to : TURN YOUR RENEW /REBILL ON ❤️ I’m sending a free video to everyone who has it turned ON …this Wednesday 😍😍😍 enjoy the new walllpapers 😉,0.0,Renew campaign captions,False,True,False
ALLTIME_MASS_MESSAGE_STATS - MASS.MESSAGE.STATS(has data for inactive girls).csv,233,🎉 I’m sending a FREE VIDEO to everyone who has their “RENEW / REBILL” turned ON 🎉 make sure u have it turned on and if u do …you’ll receive a NEW + FREE + EXCLUSIVE video next Monday morning ❤️❤️❤️,0.0,Renew campaign captions,False,True,False
ALLTIME_MASS_MESSAGE_STATS - MASS.MESSAGE.STATS(has data for inactive girls).csv,236,"Dont Forget to turn ***ON*** your auto rebill / renew for a free video TONIGHT EST TIME!! Yes, I can see if it’s on or off .. 🥵 ***New*** C0ntent / C0llabz / C0ntestz coming up , you don’t wanna miss out on my ***biggest*** videos yet in a few weeks !!! 🧨",0.0,Renew campaign captions,False,True,False
ALLTIME_MASS_MESSAGE_STATS - MASS.MESSAGE.STATS(has data for inactive girls).csv,249,🎉***turn you REBILL / RENEW ON*** 🎉 i'm sending a FREE VIDEO to everyone who has their REBILL / RENEW turned ON 🎁 you'll receive it on Monday!! fully naked on a real street 😬 i was just in a slutty mood that day ...i stopped the car and took off my bikini ...and walked around fully naked 😅,0.0,Renew campaign captions,False,True,False
ALLTIME_MASS_MESSAGE_STATS - MASS.MESSAGE.STATS(has data for inactive girls).csv,278,🎉 I’m sending a FREE video this weekend 🎉 make sure u have your REBILL / RENEW turned ON …I’m sending a FREE VIDEO to everyone who has it turned ON on Saturday ❤️,0.0,Renew campaign captions,False,True,False
ALLTIME_MASS_MESSAGE_STATS - MASS.MESSAGE.STATS(has data for inactive girls).csv,307,⭐️ Don’t forget to turn on ur ***AUTO renew ON***for a free BG video at the end of the month ! You also don’t wanna miss all my sexy Miami content to come 💋💦,0.0,Renew campaign captions,False,True,False
ALLTIME_MASS_MESSAGE_STATS - MASS.MESSAGE.STATS(has data for inactive girls).csv,352,stripping & oiling myself up before Johnny Love dicks me down 😜💦 another show for whoever was looking up from the street lol ***i will be sending a FREE video this weekend to everyone who has their REBILL / RENEW turned ON*** so make sure u turn it on 😍 you'll thank me this weekend ;),0.0,Renew campaign captions,False,True,False
ALLTIME_MASS_MESSAGE_STATS - MASS.MESSAGE.STATS(has data for inactive girls).csv,379,"🎉 ***REBILL*** time 🎉 i'll be sending ***3 FREE VIDEOS*** this weekend to everyone who has their ***"" REBILL / RENEW "" TURNED ON*** so make sure yours is TURNED ON so that u dont miss out ❤️",0.0,Renew campaign captions,False,True,False
ALLTIME_MASS_MESSAGE_STATS - MASS.MESSAGE.STATS(has data for inactive girls).csv,401,Just a reminder to ***turn ON your RENEW / REBILL button*** 😉 I’ll be sending ***FREE exclusive videos*** to everyone who has their RENEW / REBILL turned ON this weekend ❤️,0.0,Renew campaign captions,False,True,False
ALLTIME_MASS_MESSAGE_STATS - MASS.MESSAGE.STATS(has data for inactive girls).csv,404,🥰.thank you for being here and supporting me every month 🥰 here's 2 videos for my RENEW / REBILL gift this month ❤️ 1- BJ / titty fuck / rimjob 2- shower fun i appreciate you 😘,0.0,Renew campaign captions,False,True,False
ALLTIME_MASS_MESSAGE_STATS - MASS.MESSAGE.STATS(has data for inactive girls).csv,415,the pictures are just for you to focus on my message 😜 ***i'm sending 2 FREE videos to everyone who has their REBILL / RENEW turned ON*** the videos will be sent next TUESDAY the 10th ❤️ - one of those FREE videos will be an EXCLUSIVE SEX VIDEO (BG) 🍆💦,0.0,Renew campaign captions,False,True,False
ALLTIME_MASS_MESSAGE_STATS - MASS.MESSAGE.STATS(has data for inactive girls).csv,435,1.***Dont forget to turn on your AUTO RENEW for a free video at the end of the month*** ❤️ 2. **New Trukait & JMac video release Nov 30** 🩷 3. ***Special : Tip 5$ for ANY SOLO*** (previews are on my wall)💙 https://onlyfans.com/ /3533537,0.0,Renew campaign captions,True,True,False
ALLTIME_MASS_MESSAGE_STATS - MASS.MESSAGE.STATS(has data for inactive girls).csv,438,"**Just like that, keep going**. .that rock hard cock of yours that you have been stroking for me.. I want you to empty your balls for me. Yes!! Drain ur balls all over my ass..Look at all that fucking cum!! Now turn ***on*** your ***auto renew*** before you keep missing out on all my steamy content 😘",0.0,Renew campaign captions,False,True,False
ALLTIME_MASS_MESSAGE_STATS - MASS.MESSAGE.STATS(has data for inactive girls).csv,440,🚨 make sure to have your REBILL / RENEW turned ON 🚨 i will be sending a free exclusive video (or 2) this WEEK-END to everyone who has their REBILL / RENEW turned ON,0.0,Renew campaign captions,False,True,False
ALLTIME_MASS_MESSAGE_STATS - MASS.MESSAGE.STATS(has data for inactive girls).csv,458,good morning 😍 that's me waking up next to u ;) I just wanted to let u know that i'm sending 1 or 2 EXCLUSIVE ***FREE VIDEOS*** this Friday to everyone who has their ***REBILL / RENEW*** button turned ON 🥳 so make sure you turn it ON now so that you dont forget ❤️,0.0,Renew campaign captions,False,True,False
ALLTIME_MASS_MESSAGE_STATS - MASS.MESSAGE.STATS(has data for inactive girls).csv,480,I’m sending a FREE EXCLUSIVE video (or 2) to everyone who has their ***REBILL / RENEW*** button turned ON I’ll send this weekend so make sure you have TURNED ON before that ❤️ you don’t wanna miss it,0.0,Renew campaign captions,False,True,False
ALLTIME_MASS_MESSAGE_STATS - MASS.MESSAGE.STATS(has data for inactive girls).csv,482,here's 2 free videos to thank you for having your ***REBILL / RENEW turned ON*** 1st one is called : South Beach sex scene cuz it was shot on Collins Avenue right on South Beach lol ...and the 2nd one is just me being a cum dumspter lol,0.0,Renew campaign captions,False,True,False
ALLTIME_MASS_MESSAGE_STATS - MASS.MESSAGE.STATS(has data for inactive girls).csv,487,🎁 its the ***REBILL / RENEW*** time of the month 🎁 so make sure you have your ***RENEW / REBILL turned ON*** because on TUESDAY... i will be sending a free exclusive video (or 2 😜) to everyone who has it ON have a great weekend ❤️ oh and that's just me in a white dress and a dildo in the pool 👅,0.0,Renew campaign captions,False,True,False
ALLTIME_MASS_MESSAGE_STATS - MASS.MESSAGE.STATS(has data for inactive girls).csv,497,🎉 Its REBILL / RENEW time 🎉 ***Make sure your REBILL / RENEW button is turned ON*** I will send everyone who has it turned ON a free exclusive video (or 2) this Sunday (the 23rd) ❤️❤️❤️,0.0,Renew campaign captions,False,True,False
ALLTIME_MASS_MESSAGE_STATS - MASS.MESSAGE.STATS(has data for inactive girls).csv,525,🎁 it’s REBILL time 🎁 I’m sending ***2 FREE videos*** to everyone who has their ***REBILL / RENEW turned ON*** tomorrow 🥳 So make sure to have it ON ❤️,0.0,Renew campaign captions,False,True,False
ALLTIME_MASS_MESSAGE_STATS - MASS.MESSAGE.STATS(has data for inactive girls).csv,603,🚨 sending these 2 full videos for FREE to everyone who has their REBILL / RENEW turned ON🚨 CK set pillow humping / JOI ++ oiled up / riding dildo JOI😋 👅💦🍆 So make sure u have your REBILL / RENEW button TURNED ON to receive those 2 videos for FREE (both over 20 minutes) in your inbox on WEDNESDAY ❤️,0.0,Renew campaign captions,False,True,False
ALLTIME_MASS_MESSAGE_STATS - MASS.MESSAGE.STATS(has data for inactive girls).csv,632,🎁 make sure to have your REBILL / RENEW turned ON 🎁 i'm sending 3 FREE VIDEOS to everyone who has their REBILL / RENEW button turned ON ❤️🥳💦 i'm sending them NEXT WEEKEND (april 26) ...so you have a full week to make sure yours is TURNED ON 😘 *one of the 3 videos will be the full length version of that pink hood clip 👅,0.0,Renew campaign captions,False,True,False
ALLTIME_MASS_MESSAGE_STATS - MASS.MESSAGE.STATS(has data for inactive girls).csv,643,🚨Hey baby don’t forget to TURN ON Your auto renew (rebill) this month if you want to receive a NEW UNRELEASED FREE VIDEO this weekend 🚨,0.0,Renew campaign captions,False,True,False
ALLTIME_MASS_MESSAGE_STATS - MASS.MESSAGE.STATS(has data for inactive girls).csv,647,Ur rebill/renew is still turned off I see.. you should definitely turn it on now before I send out 3 free BG videos 🥵just saying.. your missing out.,0.0,Renew campaign captions,False,True,False
ALLTIME_MASS_MESSAGE_STATS - MASS.MESSAGE.STATS(has data for inactive girls).csv,675,🚨 TURN ON your REBILL / RENEW buttons 🚨 i will be sending 2 NEW and FREE videos to everyone who has their REBILL / RENEW turned ON ...ill send this weekend so better turn ON now 🥳,0.0,Renew campaign captions,False,True,False
ALLTIME_MASS_MESSAGE_STATS - MASS.MESSAGE.STATS(has data for inactive girls).csv,1109,If you turn renew on everyday you leave it on I'll send you a naughtier and naughtier pic for free🍒,0.0,Renew campaign captions,False,True,False
ALLTIME_MASS_MESSAGE_STATS - MASS.MESSAGE.STATS(has data for inactive girls).csv,1112,Turn ***renew*** on right **now** and Ill send you something that will make you cum 🍑,0.0,Renew campaign captions,False,True,False
ALLTIME_MASS_MESSAGE_STATS - MASS.MESSAGE.STATS(has data for inactive girls).csv,1123,Keep renew on so I can send you one of these everyday🥰,0.0,Renew campaign captions,False,True,False
ALLTIME_MASS_MESSAGE_STATS - MASS.MESSAGE.STATS(has data for inactive girls).csv,1137,Day 3 of spoiling you for having renew on💋,0.0,Renew campaign captions,False,True,False
ALLTIME_MASS_MESSAGE_STATS - MASS.MESSAGE.STATS(has data for inactive girls).csv,1140,I'm going to be banning everyone with renew off at the end of the day🥺🙈 You really want to miss seeing this perfect body I've been working on for you baby,0.0,Renew campaign captions,False,True,False
ALLTIME_MASS_MESSAGE_STATS - MASS.MESSAGE.STATS(has data for inactive girls).csv,1176,What should I make for you today🥺 I'm only taking your request if renew is on💋,0.0,Renew campaign captions,False,True,False
ALLTIME_MASS_MESSAGE_STATS - MASS.MESSAGE.STATS(has data for inactive girls).csv,1177,Turn renew on and get a free surprise like this every day 😘,0.0,Renew campaign captions,False,True,False
ALLTIME_MASS_MESSAGE_STATS - MASS.MESSAGE.STATS(has data for inactive girls).csv,1181,btw... Yes I do B/G content💋 But I need to know I can trust you before I can show you that side of me😈 I need you to turn renew on and be a sub for 3 months 👩‍❤️‍💋‍👩 so I know you're really here for me.. after the 3 months I can send you my ***FIRST*** B/G from when I was 🔞***18 years***🔞 old getting fucked *doggy style* We can get naughty all along the way too 🥵 I'll make sure we spend time every day getting know each other better🙈,0.0,Renew campaign captions,False,True,False
ALLTIME_MASS_MESSAGE_STATS - MASS.MESSAGE.STATS(has data for inactive girls).csv,1195,Turn renew on today and I’ll send you some of the content I took today 🥰,0.0,Renew campaign captions,False,True,False
ALLTIME_MASS_MESSAGE_STATS - MASS.MESSAGE.STATS(has data for inactive girls).csv,1252,"Hey babe❤️ I want to let you know my VIP group is going to go through big changes in the next week for all the new fans coming on my page. I am going to honor our deal of 20$/month to chat every day as long as you renew it every month! But as soon as you will stop renewing it, this deal will be over and if you want to join the VIP again, it will be with the new one. Just want to let you know 💋💋",0.0,Renew campaign captions,False,True,False
ALLTIME_MASS_MESSAGE_STATS - MASS.MESSAGE.STATS(has data for inactive girls).csv,7182,"A juicy nude as a gift for having your renewal on, keep it that way and prepare yourself for more delicious treats 🔥",0.0,Renew campaign captions,False,True,False
ALLTIME_MASS_MESSAGE_STATS - MASS.MESSAGE.STATS(has data for inactive girls).csv,7183,Want the full explicit one? Get your renewal on for naked freebies 🔥,0.0,Renew campaign captions,False,True,False
ALLTIME_MASS_MESSAGE_STATS - MASS.MESSAGE.STATS(has data for inactive girls).csv,7586,"Btw, if you turn your renew on or re-subscribe to my account and then mention this token to me you can get some free pics and naughty messages 💕😏",0.0,Renew campaign captions,False,True,False
ALLTIME_MASS_MESSAGE_STATS - MASS.MESSAGE.STATS(has data for inactive girls).csv,7878,Sending a ***FREE SURPRISE to EVERYONE WITH RENEW ON*** tomorrow 😇🥰 Make sure you have **RENEW ON** to get it https://onlyfans.com/ ?enable_renew=1,0.0,Renew campaign captions,True,True,False
ALLTIME_MASS_MESSAGE_STATS - MASS.MESSAGE.STATS(has data for inactive girls).csv,8090,## **WANT** ***FREE*** **DAILY BUNDLES?? 👀** ### If **YES** then turn your renew on right now!!! #### I send ALL my renew on subs DAILY FREE XXX NUDES 😈🙈 i love spoiling you for Treating me like a princess ❤️ click the link below to turn renew on ⬇️ https://onlyfans.com/ ?enable_renew=1,0.0,Renew campaign captions,True,True,False
ALLTIME_MASS_MESSAGE_STATS - MASS.MESSAGE.STATS(has data for inactive girls).csv,8128,## 😈😽 ***𝐅𝐑𝐄𝐄*** 𝐓𝐀𝐏𝐄 🙈💦 **𝘓𝘐𝘔𝘐𝘛𝘌𝘋 𝘖𝘍𝘍𝘌𝘙** 😱 if you want to be sent a *VIDEO* tonight for ***FREE*** 😱 I am sending it out to **EVERYONE with renew on for free...** don't miss out! 👇🏼 https://onlyfans.com/ ?enable_renew=1,0.0,Renew campaign captions,True,True,False
ALLTIME_MASS_MESSAGE_STATS - MASS.MESSAGE.STATS(has data for inactive girls).csv,8155,### FREE DOGGYSTYLE BUNDLE 🔞 I am sending a **FREE DOGGYSTYLE BUNDLE** to everyone with renew on tonight 📆 make sure you have your renew on if you want **DAILY FREE SURPRISES** 😈 click the link below to turn renew on NOW 👇🏼 https://onlyfans.com/ ?enable_renew=1,0.0,Renew campaign captions,True,True,False
ALLTIME_MASS_MESSAGE_STATS - MASS.MESSAGE.STATS(has data for inactive girls).csv,8253,### 🧻 𝐅𝐑𝐄𝐄 𝐂𝐔𝐌 𝐁𝐔𝐍𝐃𝐋𝐄🧻 I am sending out a **𝙁𝙍𝙀𝙀 𝘾𝙐𝙈 𝘽𝙐𝙉𝘿𝙇𝙀** to all of my renew on subs in the morning 🌤️ so that you can wake up with your **𝙈𝙊𝙍𝙉𝙄𝙉𝙂 𝙒𝙊𝙊𝘿** satisfied 😇 **𝙘𝙡𝙞𝙘𝙠 𝙩𝙝𝙚 𝙡𝙞𝙣𝙠 𝙗𝙚𝙡𝙤𝙬 𝙩𝙤 𝙩𝙪𝙧𝙣 𝙧𝙚𝙣𝙚𝙬 𝙤𝙣** ⬇️ https://onlyfans.com/ ?enable_renew=1,0.0,Renew campaign captions,True,True,False
ALLTIME_MASS_MESSAGE_STATS - MASS.MESSAGE.STATS(has data for inactive girls).csv,8267,🆓🍑 **𝗙𝗥𝗘𝗘 𝗔𝗦𝗦 𝗕𝗨𝗡𝗗𝗟𝗘** 🍑🆓 I am sending out a **𝗙𝗥𝗘𝗘 𝗔𝗦𝗦 𝗕𝗨𝗡𝗗𝗟𝗘** to everyone who has their renew turned 𝐎𝐍 ✅ I love spoiling my renew on subs with **𝐃𝐀𝐈𝐋𝐘 𝐅𝐑𝐄𝐄 𝐁𝐔𝐍𝐃𝐋𝐄𝐒** 🎁 **𝗖𝗟𝗜𝗖𝗞 𝗧𝗛𝗘 𝗟𝗜𝗡𝗞 𝗕𝗘𝗟𝗢𝗪 𝗧𝗢 𝗧𝗨𝗥𝗡 𝗥𝗘𝗡𝗘𝗪 𝗢𝗡 𝗥𝗡** 👇🏼 https://onlyfans.com/ ?enable_renew=1,0.0,Renew campaign captions,True,True,False
ALLTIME_MASS_MESSAGE_STATS - MASS.MESSAGE.STATS(has data for inactive girls).csv,8453,hello! I hope you have a great weekend! Let me know if youre missing your new sub free selfie! also remember if you renew your subscription ill send you a free 10 second video with ur name on my tits! let me know if youre interested in custom content! i love making personalized content for u guys :) rate is 12 dlls per min!,0.0,Renew campaign captions,False,True,False
ALLTIME_MASS_MESSAGE_STATS - MASS.MESSAGE.STATS(has data for inactive girls).csv,8455,Hello! Hope you're having a great week! Ill be sending pending customs and free selfies and renew vids tmrrow!,0.0,Renew campaign captions,False,True,False
ALLTIME_MASS_MESSAGE_STATS - MASS.MESSAGE.STATS(has data for inactive girls).csv,8456,Hi guys! Hope you have a great weekend! Will be sending brand new ppvs this weekend! Also ill be having a custom content discount! 3 min videos for 25 dlls ! Make me your own little slut! Let me know if i havent sent u a new sub selfie! Also remember if you renew your subscription ill send u a free 10 sec video with your name on my body!,0.0,Renew campaign captions,False,True,False
ALLTIME_MASS_MESSAGE_STATS - MASS.MESSAGE.STATS(has data for inactive girls).csv,8457,Hii will be sending pending selfies and customs tomorrow night! Send me a message if u owe you something! Please send me the name u want written on me for the free new sub selfies or free renew vids :),0.0,Renew campaign captions,False,True,False
ALLTIME_MASS_MESSAGE_STATS - MASS.MESSAGE.STATS(has data for inactive girls).csv,8471,"Hello! Sorry i had a family emergency! Ill be sending all pending content tomorrow! Let me know if i owe you a new sub selfie or a renew vid! (U need to actually renew not just have it on), reply to this message if i owe you something please",0.0,Renew campaign captions,False,True,False
ALLTIME_MASS_MESSAGE_STATS - MASS.MESSAGE.STATS(has data for inactive girls).csv,8474,"Hope you guys had an amazing weekend! Remember to send me ur names so i can send u the new sub selfie! Alsoo just a reminder, if you renew your subscription i will send u a 10 second video with your name on my tits aswell!",0.0,Renew campaign captions,False,True,False
ALLTIME_MASS_MESSAGE_STATS - MASS.MESSAGE.STATS(has data for inactive girls).csv,8479,"Hii guys! Ill be sending new sub selfies and renew vids tomorrow, please send me ur names :)",0.0,Renew campaign captions,False,True,False
ALLTIME_MASS_MESSAGE_STATS - MASS.MESSAGE.STATS(has data for inactive girls).csv,8483,Hi guys! Ill be connected tomorrow all day answering all ur messages and sending sub and renew selfies and vids and pending content! Ive been very busy with work and school!,0.0,Renew campaign captions,False,True,False
ALLTIME_MASS_MESSAGE_STATS - MASS.MESSAGE.STATS(has data for inactive girls).csv,8498,"hope you are having a great week! Starting today, if you leave renew on and renew your subscription you receive a free full ppv! :)",0.0,Renew campaign captions,False,True,False
ALLTIME_MASS_MESSAGE_STATS - MASS.MESSAGE.STATS(has data for inactive girls).csv,8680,### FREE DOGGYSTYLE BUNDLE 🔞 I am sending a **FREE DOGGYSTYLE BUNDLE** to everyone with renew on tonight 📆 make sure you have your renew on if you want **DAILY FREE SURPRISES** 😈 click the link below to turn renew on NOW 👇🏼 https://onlyfans.com/ENTERUSERNAME?enable_renew=1,0.0,Renew campaign captions,True,True,False
ALLTIME_MASS_MESSAGE_STATS - MASS.MESSAGE.STATS(has data for inactive girls).csv,8703,FREE DOGGYSTYLE BUNDLE 🔞 I am sending a FREE DOGGYSTYLE BUNDLE to everyone with renew on tonight 📆 make sure you have your renew on if you want DAILY FREE SURPRISES 😈 click the link below to turn renew on NOW 👇🏼 https://onlyfans.com/ENTERUSERNAME?enable_renew=1,0.0,Renew campaign captions,True,True,False
ALLTIME_MASS_MESSAGE_STATS - MASS.MESSAGE.STATS(has data for inactive girls).csv,8719,FREE DOGGYSTYLE BUNDLE 🔞 I am sending a FREE DOGGYSTYLE BUNDLE to everyone with renew on tonight 📆 make sure you have your renew on if you want DAILY FREE SURPRISES 😈 click the link below to turn renew on NOW 👇🏼 https://onlyfans.com/ENTERUSERNAME?enable_renew=1,0.0,Renew campaign captions,True,True,False
ALLTIME_MASS_MESSAGE_STATS - MASS.MESSAGE.STATS(has data for inactive girls).csv,8784,😈😽 𝐅𝐑𝐄𝐄 𝐓𝐀𝐏𝐄 🙈💦 𝘓𝘐𝘔𝘐𝘛𝘌𝘋 𝘖𝘍𝘍𝘌𝘙 😱 if you want to be sent a VIDEO tonight for FREE 😱 I am sending it out to EVERYONE with renew on for free... don't miss out! 👇🏼 https://onlyfans.com/ENTERUSERNAME?enable_renew=1,0.0,Renew campaign captions,True,True,False
ALLTIME_MASS_MESSAGE_STATS - MASS.MESSAGE.STATS(has data for inactive girls).csv,9257,"Heyy, if you renew your subscription to my page you will receive a special surprise video only sent to my biggest supporters with “renew on” sending the video tomorrow😊",0.0,Renew campaign captions,False,True,False
ALLTIME_MASS_MESSAGE_STATS - MASS.MESSAGE.STATS(has data for inactive girls).csv,9258,THANK YOU!! This is a free super hot video just for you because you have Renew on! Thank you for being such an amazing supporter and I will continue to provide extremely hot content for you! Thanks again and enjoy!,0.0,Renew campaign captions,False,True,False
ALLTIME_MASS_MESSAGE_STATS - MASS.MESSAGE.STATS(has data for inactive girls).csv,9301,I'm sending out an ***UNRELEASED COLLAB***🔞 that ive never even fucked 💦on stream to **ALL** my fans with renew on tn. 🔞 click the link below to turn renew on 👇🏼 https://onlyfans.com/ ?enable_renew=1,0.0,Renew campaign captions,True,True,False
ALLTIME_MASS_MESSAGE_STATS - MASS.MESSAGE.STATS(has data for inactive girls).csv,9312,𝙔𝙤 𝙄 𝙟𝙪𝙨𝙩 𝙥𝙚𝙚𝙥𝙚𝙙 𝙩𝙝𝙖𝙩 𝙮𝙤𝙪𝙧 𝙧𝙚𝙣𝙚𝙬 𝙞𝙨𝙣𝙩 𝙩𝙪𝙧𝙣𝙚𝙙 𝙤𝙣 🤔 𝙄𝙢 𝙟𝙪𝙨𝙩 𝙡𝙤𝙤𝙠𝙞𝙣𝙜 𝙤𝙪𝙩 𝙛𝙤𝙧 𝙮𝙤𝙪 𝙙𝙤𝙜 𝙗𝙚𝙘𝙖𝙪𝙨𝙚 𝙞𝙢 𝙜𝙤𝙞𝙣𝙜 𝙩𝙤 𝙗𝙚 𝙙𝙧𝙤𝙥𝙥𝙞𝙣𝙜 𝙢𝙮 𝙣𝙚𝙬 𝙩𝙖𝙥𝙚𝙨 𝙩𝙤 𝙖𝙡𝙡 𝙢𝙮 𝙧𝙚𝙨𝙪𝙗𝙨 𝙛𝙤𝙧 🚨 **50%** 𝙊𝙁𝙁 🚨 ***𝗖𝗟𝗜𝗖𝗞 𝗧𝗛𝗜𝗦 𝗟𝗜𝗡𝗞 𝗧𝗢 𝗧𝗨𝗥𝗡 𝗢𝗡 𝗥𝗘𝗡𝗘𝗪 𝗔𝗡𝗗 𝗜𝗟𝗟 𝗦𝗘𝗡𝗗 𝗬𝗢𝗨 𝗔 𝗙𝗥𝗘𝗘 𝗖𝗨𝗠𝗣𝗜𝗟𝗔𝗧𝗜𝗢𝗡*** 💪 https://onlyfans.com/ ?enable_renew=1 Once you renew lmk and ill send it to you asap 💯,0.0,Renew campaign captions,True,True,False
ALLTIME_MASS_MESSAGE_STATS - MASS.MESSAGE.STATS(has data for inactive girls).csv,9325,Dropping My Fav Blowjob and fuck video today with LIZ 😩💦To this day I remember how she made my toes curl as she sucked me off and had the wettest pussy 💦that I can't stop myself from giving her the best backshots while looking at her prefect asshole as she spread her cheeks apart until I busted inside of her😩🥴 I will send this 25mins+ full video to you plus extra goodies 😈 if you renew your sub this May 🥵🔥,0.0,Renew campaign captions,False,True,False
ALLTIME_MASS_MESSAGE_STATS - MASS.MESSAGE.STATS(has data for inactive girls).csv,9335,"### 𝐅𝐑𝐄𝐄 𝐆𝐢𝐟𝐭 🎁‼️ **Enable** ***RENEW*** and ill send you a 🔥 ***XXX*** bundle right away 😎 Click the link below and DM me ""Renew on"" https://onlyfans.com/?enable_renew=1 to unlock it 🏆👆",0.0,Renew campaign captions,True,True,False
ALLTIME_MASS_MESSAGE_STATS - MASS.MESSAGE.STATS(has data for inactive girls).csv,9341,"WANT A 𝐅𝐑𝐄𝐄 𝐆𝐢𝐟𝐭 🎁‼️?? Enable RENEW and ill send you a 🔥 XXX bundle right away 😎 Click the link below and DM me ""Renew on"" https://onlyfans.com/ ?enable_renew=1 to unlock it your ***FREE XXX BUNDLE🏆👆***",0.0,Renew campaign captions,True,True,False
ALLTIME_MASS_MESSAGE_STATS - MASS.MESSAGE.STATS(has data for inactive girls).csv,9342,"WANT A 𝐅𝐑𝐄𝐄 𝐆𝐢𝐟𝐭 🎁‼️?? Enable RENEW and ill send you a 🔥 XXX bundle right away 😎 Click the link below and DM me ""Renew on"" https://onlyfans.com/ ?enable_renew=1 to unlock it your FREE XXX BUNDLE🏆👆",0.0,Renew campaign captions,True,True,False
ALLTIME_MASS_MESSAGE_STATS - MASS.MESSAGE.STATS(has data for inactive girls).csv,9344,"### WANT 50% 𝗢𝗙𝗙 𝗘𝗩𝗘𝗥𝗬 𝗣𝗣𝗩🎁‼️?? Enable ***RENEW*** to get **50% off everything** and ill ALSO send you a 🔥 XXX bundle right away 😎 ***Click the link below*** and **DM** me ""Renew on"" **FOR HALF OFF ALL PPVs** AND A ***FREE*** **BUNDLE 🏆🔥** https://onlyfans.com/ ?enable_renew=1 to 🏆👆🏆👆🏆👆🏆👆",0.0,Renew campaign captions,True,True,False
ALLTIME_MASS_MESSAGE_STATS - MASS.MESSAGE.STATS(has data for inactive girls).csv,9353,"WANT A 𝐅𝐑𝐄𝐄 𝐆𝐢𝐟𝐭 🎁‼️?? Enable RENEW and ill send you a 🔥 XXX bundle right away 😎 Click the link below and DM me ""Renew on"" https://onlyfans.com/ ?enable_renew=1 to unlock it your FREE XXX BUNDLE🏆👆",0.0,Renew campaign captions,True,True,False
ALLTIME_MASS_MESSAGE_STATS - MASS.MESSAGE.STATS(has data for inactive girls).csv,9368,Here is a FREE exclusive video because you have renew on! Thank you again and I hope you’re ready for the new girls I’m having on this month!,0.0,Renew campaign captions,False,True,False
ALLTIME_MASS_MESSAGE_STATS - MASS.MESSAGE.STATS(has data for inactive girls).csv,9372,"𝙔𝙊 𝙗𝙧𝙤! 𝙬𝙖𝙣𝙩 𝙖𝙡𝙡 𝙋𝙋𝙑𝙨 ***50% 𝙊𝙁𝙁??*** 𝙩𝙝𝙚𝙣 𝙝𝙞𝙩 𝙢𝙮 𝙧𝙚𝙣𝙚𝙬 𝙡𝙞𝙣𝙠 𝙖𝙣𝙙 𝙟𝙤𝙞𝙣 𝙩𝙝𝙚 𝙖𝙡𝙥𝙝𝙖'𝙨 😎 𝙄𝙢 𝙗𝙧𝙞𝙣𝙜𝙞𝙣𝙜 𝙩𝙝𝙚 𝙗𝙖𝙙𝙙𝙚𝙨𝙩 𝙜𝙞𝙧𝙡𝙨 𝙤𝙣 𝙩𝙝𝙞𝙨 𝙢𝙤𝙣𝙩𝙝 𝘼𝙇𝙇 𝙢𝙤𝙣𝙩𝙝 𝙡𝙤𝙣𝙜, 𝙤𝙣𝙘𝙚 𝙮𝙤𝙪 𝙘𝙡𝙞𝙘𝙠 𝙧𝙚𝙣𝙚𝙬 𝙞𝙡𝙡 𝙨𝙚𝙣𝙙 𝙮𝙤𝙪 𝙖 𝙁𝙍𝙀𝙀 𝙗𝙪𝙣𝙙𝙡𝙚 𝙤𝙛 𝙨𝙤𝙢𝙚 𝙤𝙛 𝙩𝙝𝙞𝙣𝙜𝙨 𝙮𝙤𝙪 𝙢𝙞𝙨𝙨𝙚𝙙 💪 𝙘𝙡𝙞𝙘𝙠 𝙩𝙝𝙚 𝙡𝙞𝙣𝙠 𝙗𝙚𝙡𝙤𝙬 𝙛𝙤𝙧 𝙮𝙤𝙪𝙧 𝙁𝙍𝙀𝙀 𝙓𝙓𝙓 𝘽𝙪𝙣𝙙𝙡𝙚 ⬇️👇 https://onlyfans.com/ ?enable_renew=1",0.0,Renew campaign captions,True,False,False
ALLTIME_MASS_MESSAGE_STATS - MASS.MESSAGE.STATS(has data for inactive girls).csv,9378,"𝐅𝐑𝐄𝐄 𝐆𝐢𝐟𝐭 🎁‼️ Enable RENEW and ill send you a 🔥 XXX bundle right away 😎 Click the link below and DM me ""Renew on"" 👇 https://onlyfans.com/ ?enable_renew=1 to unlock these bonus benefits 👇🏆",0.0,Renew campaign captions,True,True,False
ALLTIME_MASS_MESSAGE_STATS - MASS.MESSAGE.STATS(has data for inactive girls).csv,9403,"### 𝙔𝙊 𝙗𝙧𝙤! 𝙬𝙖𝙣𝙩 𝙖𝙡𝙡 𝙋𝙋𝙑𝙨 ***50%*** 𝙊𝙁𝙁?? 🎁🏆 𝙝𝙞𝙩 𝙢𝙮 ***𝙧𝙚𝙣𝙚𝙬 𝙡𝙞𝙣𝙠*** 𝙖𝙣𝙙 𝙟𝙤𝙞𝙣 𝙩𝙝𝙚 𝙖𝙡𝙥𝙝𝙖'𝙨 😎 𝙄𝙢 𝙗𝙧𝙞𝙣𝙜𝙞𝙣𝙜 𝙩𝙝𝙚 𝙗𝙖𝙙𝙙𝙚𝙨𝙩 𝙜𝙞𝙧𝙡𝙨 𝙤𝙣 𝙩𝙝𝙞𝙨 𝙢𝙤𝙣𝙩𝙝 𝘼𝙇𝙇 𝙢𝙤𝙣𝙩𝙝 𝙡𝙤𝙣𝙜, 𝙤𝙣𝙘𝙚 𝙮𝙤𝙪 𝙘𝙡𝙞𝙘𝙠 𝙧𝙚𝙣𝙚𝙬 𝙞𝙡𝙡 𝙨𝙚𝙣𝙙 𝙮𝙤𝙪 𝙖 𝙁𝙍𝙀𝙀 𝙗𝙪𝙣𝙙𝙡𝙚 𝙤𝙛 𝙨𝙤𝙢𝙚 𝙤𝙛 𝙩𝙝𝙞𝙣𝙜𝙨 𝙮𝙤𝙪 𝙢𝙞𝙨𝙨𝙚𝙙 💪 𝙘𝙡𝙞𝙘𝙠 𝙩𝙝𝙚 𝙡𝙞𝙣𝙠 𝙗𝙚𝙡𝙤𝙬 𝙛𝙤𝙧 𝙮𝙤𝙪𝙧 ***𝙁𝙍𝙀𝙀 𝙓𝙓𝙓*** 𝘽𝙪𝙣𝙙𝙡𝙚 ⬇️👇 https://onlyfans.com/ ?enable_renew=1",0.0,Renew campaign captions,True,False,False
ALLTIME_MASS_MESSAGE_STATS - MASS.MESSAGE.STATS(has data for inactive girls).csv,10222,"hey daddy 💘 I just wanted to remind you that if you have your renew on you'll be getting special rewards every few days 💕 I'll be sending one out soon and trust me, you def can't miss out on it 😈",0.0,Renew campaign captions,False,True,False
ALLTIME_MASS_MESSAGE_STATS - MASS.MESSAGE.STATS(has data for inactive girls).csv,10272,I’ll be sending a free pic to everyone with renew on tomorrow 💓 you’ll also be getting rewards every week if you keep it on 💕 trust me I’ll make sure to make them worth your time 😈,0.0,Renew campaign captions,False,True,False
ALLTIME_MASS_MESSAGE_STATS - MASS.MESSAGE.STATS(has data for inactive girls).csv,10279,For the subs who remain on ***RENEW*** each week I will be sending out ***FREE CONTENT!*** 😈,0.0,Renew campaign captions,False,True,False
ALLTIME_MASS_MESSAGE_STATS - MASS.MESSAGE.STATS(has data for inactive girls).csv,10283,"🎁 Renew Gift 🎁 For all your loyalty, how’s my tits looking? ❤️",0.0,Renew campaign captions,False,True,False
ALLTIME_MASS_MESSAGE_STATS - MASS.MESSAGE.STATS(has data for inactive girls).csv,10304,Oops this just hit your DM’s right now!! Thanks for having renew on babe! 🙃,0.0,Renew campaign captions,False,True,False
ALLTIME_MASS_MESSAGE_STATS - MASS.MESSAGE.STATS(has data for inactive girls).csv,10305,If you have ***RENEW*** activated for next week you can receive pics like this without the cover up! Soooo… what are you waiting? 😏😈,0.0,Renew campaign captions,False,True,False
ALLTIME_MASS_MESSAGE_STATS - MASS.MESSAGE.STATS(has data for inactive girls).csv,10335,"Make sure to receive ***FREE*** gifts weekly, have renew on… or else you’re just missing out! 😏",0.0,Renew campaign captions,False,True,False
ALLTIME_MASS_MESSAGE_STATS - MASS.MESSAGE.STATS(has data for inactive girls).csv,10358,Don’t forget I send out ***FREE CONTENT*** weekly when you have ***RENEW*** activated! Well….what are you waiting for? https://onlyfans.com/ ?enable_renew=1,0.0,Renew campaign captions,True,True,False
ALLTIME_MASS_MESSAGE_STATS - MASS.MESSAGE.STATS(has data for inactive girls).csv,10380,You have been loyal fan by having your ***auto renew on!*** I definitely don't let that go unnoticed and I'm going to do something special for you! ❤️,0.0,Renew campaign captions,False,True,False
ALLTIME_MASS_MESSAGE_STATS - MASS.MESSAGE.STATS(has data for inactive girls).csv,10381,Omg I just sent out a freebie to my fans with ***auto renew*** activated! You don't want my xxx nudes baby? 🥺,0.0,Renew campaign captions,False,True,False
ALLTIME_MASS_MESSAGE_STATS - MASS.MESSAGE.STATS(has data for inactive girls).csv,10382,Omg I just sent out a freebie to my fans with ***auto renew*** activated! I don't want you to miss my xxx content I send weekly! 🥺 https://onlyfans.com/ ?enable_renew=1,0.0,Renew campaign captions,True,True,False
ALLTIME_MASS_MESSAGE_STATS - MASS.MESSAGE.STATS(has data for inactive girls).csv,10402,Just sent out my hottest ***FREE*** content of the week… 😈 Maybe you’ll tune in next week if you **DARE!*** here’s the link so you don’t miss out anymore! 😘 https://onlyfans.com/ ?enable_renew=1,0.0,Renew campaign captions,True,False,False
ALLTIME_MASS_MESSAGE_STATS - MASS.MESSAGE.STATS(has data for inactive girls).csv,10404,Just sent out my hottest ***FREE*** content of the week… 😈 Maybe you’ll tune in next week if you **DARE!** here’s the link so you don’t miss out anymore! 😘 https://onlyfans.com/ ?enable_renew=1,0.0,Renew campaign captions,True,False,False
ALLTIME_MASS_MESSAGE_STATS - MASS.MESSAGE.STATS(has data for inactive girls).csv,10424,"Guess what? I just sent my ***FREE*** weekly 🎁 of the week, but it seems you didn’t have renew activated! 🥺 Use this link so you can secure your ***REWARD*** for next week! https://onlyfans.com/ ?enable_renew=1",0.0,Renew campaign captions,True,True,False
ALLTIME_MASS_MESSAGE_STATS - MASS.MESSAGE.STATS(has data for inactive girls).csv,10437,I just sent out the wildest pussy pic to all my loyal fans who have ***RENEW*** activated… 🤫 maybe you’ll be there next week so you don’t miss out! https://onlyfans.com/ ?enable_renew=1,0.0,Renew campaign captions,True,True,False
ALLTIME_MASS_MESSAGE_STATS - MASS.MESSAGE.STATS(has data for inactive girls).csv,10438,This week I have a better 🎁 for you having ***Renew*** activated! I’m so appreciative of your support and I always love making you happy XOXO 💋,0.0,Renew campaign captions,False,True,False
ALLTIME_MASS_MESSAGE_STATS - MASS.MESSAGE.STATS(has data for inactive girls).csv,10461,You just missed out on my craziest pussy pic I sent for free for my fans with ***AUTO RENEW*** activated! Use this so you don’t miss out next week ❤️ https://onlyfans.com/ ?enable_renew=1,0.0,Renew campaign captions,True,True,False
ALLTIME_MASS_MESSAGE_STATS - MASS.MESSAGE.STATS(has data for inactive girls).csv,10523,Make sure you babe have ***RENEW*** activated because I will be sending out a sexual fantasy! 😈,0.0,Renew campaign captions,False,True,False
ALLTIME_MASS_MESSAGE_STATS - MASS.MESSAGE.STATS(has data for inactive girls).csv,10526,With a last minute decision… I ended up sending the hottest pussy pic to my fans with renew activated 🤤 use this link so you don’t miss out on the next surprise! 💋 https://onlyfans.com/ ?enable_renew=1,0.0,Renew campaign captions,True,True,False
ALLTIME_MASS_MESSAGE_STATS - MASS.MESSAGE.STATS(has data for inactive girls).csv,10627,"Sending out free pussy pics tonight to everyone with their renew on😘 Also have a 55% discount on right now for expired subs! So if you wanna come back and get free pussy pics, that's up to you😏",0.0,Renew campaign captions,False,True,False
ALLTIME_MASS_MESSAGE_STATS - MASS.MESSAGE.STATS(has data for inactive girls).csv,10630,"Sorry about that babe! Forgot to send these out, for having your renew on😘 Enjoy🐱",0.0,Renew campaign captions,False,True,False
ALLTIME_MASS_MESSAGE_STATS - MASS.MESSAGE.STATS(has data for inactive girls).csv,10721,Turn your renew on for a treat in your DMs ❤️,0.0,Renew campaign captions,False,True,False
ALLTIME_MASS_MESSAGE_STATS - MASS.MESSAGE.STATS(has data for inactive girls).csv,12657,"It’s the season of giving… so let me give you something extra naughty! 🎄 Hit renew, and I’ll send you a surprise that’ll keep you warm all winter 🥵 https://onlyfans.com/ ?enable_renew=1",0.0,Renew campaign captions,True,True,False
ALLTIME_MASS_MESSAGE_STATS - MASS.MESSAGE.STATS(has data for inactive girls).csv,12705,Don’t let the good times stop! Kick off the year on the right note 😈 Renew today and I’ll slip a naughty surprise 😘,0.0,Renew campaign captions,False,True,False
ALLTIME_MASS_MESSAGE_STATS - MASS.MESSAGE.STATS(has data for inactive girls).csv,12869,"Your subscription might end… but this pussy show doesn’t 😈 so tap that renew button, so the fun will never stop 😏",0.0,Renew campaign captions,False,True,False
ALLTIME_MASS_MESSAGE_STATS - MASS.MESSAGE.STATS(has data for inactive girls).csv,12879,I reward the loyal ones 😈 Renew now and let me keep dripping for you 💦,0.0,Renew campaign captions,False,True,False
ALLTIME_MASS_MESSAGE_STATS - MASS.MESSAGE.STATS(has data for inactive girls).csv,12895,I'm dropping daily heat… don’t let it pass you by 😏 Tap renew & stay in my naughty little world 💋,0.0,Renew campaign captions,False,True,False
ALLTIME_MASS_MESSAGE_STATS - MASS.MESSAGE.STATS(has data for inactive girls).csv,12914,"More ass. More moans. More me 😏 tap renew and stay with me, babe 😈",0.0,Renew campaign captions,False,True,False
ALLTIME_MASS_MESSAGE_STATS - MASS.MESSAGE.STATS(has data for inactive girls).csv,12947,"It’s not just a renewal, it’s another round of orgasms waiting for you 💦",0.0,Renew campaign captions,False,True,False
ALLTIME_MASS_MESSAGE_STATS - MASS.MESSAGE.STATS(has data for inactive girls).csv,13009,"hi baby. i saw u don't have renew on for my OF. i'm sending this pic just to u, hopefully u change ur mind and keep playing w me :(",0.0,Renew campaign captions,False,True,False
ALLTIME_MASS_MESSAGE_STATS - MASS.MESSAGE.STATS(has data for inactive girls).csv,13087,hi everyone<3 last reminder that i’m only sending bbc sex tapes to ppl with rebill on. ILY thank u for supporting me (and even if u don’t renew sub thank u for supporting me at all MUAHH) ❤️❤️also will be live on cb tonight so be there !!,0.0,Renew campaign captions,False,True,False
ALLTIME_MASS_MESSAGE_STATS - MASS.MESSAGE.STATS(has data for inactive girls).csv,13099,RENEW ON exclusive video gift <3 thank u for supporting me 🥰🥰 an exclusive video will be sent at the beginning of each month to all renew on,0.0,Renew campaign captions,False,True,False
ALLTIME_MASS_MESSAGE_STATS - MASS.MESSAGE.STATS(has data for inactive girls).csv,13910,Sending a spicy gift to everyone with a renew on tomorrow! 🥰,0.0,Renew campaign captions,False,True,False
ALLTIME_MASS_MESSAGE_STATS - MASS.MESSAGE.STATS(has data for inactive girls).csv,13917,babe im just curious 👀 how come youre **VIP** but you dont have renew on 😢 i want to make sure you get the free renew gifts that VIPs get when its on 🥳,0.0,Renew campaign captions,False,True,False
ALLTIME_MASS_MESSAGE_STATS - MASS.MESSAGE.STATS(has data for inactive girls).csv,13930,### 🍑 FREE BOOTY BUNDLE 🍑 If you want **DAILY FREE BUNDLES** sent to you then make sure to have your renew on 🥰 I love spoiling my renew on subs **EVERYDAY with free pics and vids 🙈 click the link below to sign up** ⬇️ https://onlyfans.com/ ?enable_renew=1,0.0,Renew campaign captions,True,True,False
ALLTIME_MASS_MESSAGE_STATS - MASS.MESSAGE.STATS(has data for inactive girls).csv,13931,### thanks for keeping renew on💕,0.0,Renew campaign captions,False,True,False
ALLTIME_MASS_MESSAGE_STATS - MASS.MESSAGE.STATS(has data for inactive girls).csv,13972,If you LOVE daily **FREE SURPRISE BUNDLES** then you need to have your renew turned **ON** ✅ I love spoiling my renew subs EVERYDAY with **NEVER BEFORE SEEN OR SOLD BUNDLES** 🤭 that ❌❌❌ **exclusive** treatment **Click the link below to turn renew on right now** 👇🏼 https://onlyfans.com/ ?enable_renew=1,0.0,Renew campaign captions,True,True,False
ALLTIME_MASS_MESSAGE_STATS - MASS.MESSAGE.STATS(has data for inactive girls).csv,13973,**LAST CHANCE** 😩 make sure to have ur ***RENEW ON*** to get ur ***FREE*** surprise today daddy!!! sending it out in 3 hours😈 https://onlyfans.com/ ?enable_renew=1,0.0,Renew campaign captions,True,True,False
ALLTIME_MASS_MESSAGE_STATS - MASS.MESSAGE.STATS(has data for inactive girls).csv,13974,thanks for having renew on 🥰,0.0,Renew campaign captions,False,True,False
ALLTIME_MASS_MESSAGE_STATS - MASS.MESSAGE.STATS(has data for inactive girls).csv,13975,always going to spoil you for having renew on💞,0.0,Renew campaign captions,False,True,False
ALLTIME_MASS_MESSAGE_STATS - MASS.MESSAGE.STATS(has data for inactive girls).csv,13991,### FREE SURPRISE 🎁 I am sending out a **FREE SURPRISE BUNDLE** to everyone who has renew on 🙈 if you want **DAILY FREE BUNDLES** make sure to always have your renew on 😈 **click the link below if you want the bundle** 👇🏼 https://onlyfans.com/ ?enable_renew=1,0.0,Renew campaign captions,True,True,False
ALLTIME_MASS_MESSAGE_STATS - MASS.MESSAGE.STATS(has data for inactive girls).csv,14003,hey baby 💕 if you go like ALL of my posts right now ill send you a naughty free surprise 😘 just make sure you renew is on and like all my posts and ill send you a FREE NUDE😋,0.0,Renew campaign captions,False,True,False
ALLTIME_MASS_MESSAGE_STATS - MASS.MESSAGE.STATS(has data for inactive girls).csv,14022,"### WANT A 𝐅𝐑𝐄𝐄 **Bundle** 🎁? Enable *RENEW* and ill send you a **crazyyy** XXX bundle *right away 💝* *Click the link below* ⬇️ and DM me **""Renew on 🚨""** https://onlyfans.com/ ?enable_renew=1 to unlock your **FREE XXX BUNDLE💋🎁**",0.0,Renew campaign captions,True,True,False
ALLTIME_MASS_MESSAGE_STATS - MASS.MESSAGE.STATS(has data for inactive girls).csv,14036,### FREE NUDE BUNDLE 🔞 I am sending a **FREE NUDE BUNDLE** 😱 to all of my **RENEW ON SUBS ONLY**❗️ I spoil all of my Renew On subs with **XXXclusive content EVERDAY FOR FREE** 🥰 click the link below to turn renew on 👇🏻 https://onlyfans.com/ ?enable_renew=1,0.0,Renew campaign captions,True,True,False
ALLTIME_MASS_MESSAGE_STATS - MASS.MESSAGE.STATS(has data for inactive girls).csv,14040,sending out my renew on gift in 15 mins if you want to see xoxo,0.0,Renew campaign captions,False,True,False
ALLTIME_MASS_MESSAGE_STATS - MASS.MESSAGE.STATS(has data for inactive girls).csv,14060,### 🍑 FREE BOOTY BUNDLE 🍑 If you want **DAILY FREE BUNDLES** sent to you then make sure to have your renew on 🥰 I love spoiling my renew on subs **EVERYDAY with free bundles 🙈 click the link below to sign up** ⬇️ https://onlyfans.com/ ?enable_renew=1,0.0,Renew campaign captions,True,True,False
ALLTIME_MASS_MESSAGE_STATS - MASS.MESSAGE.STATS(has data for inactive girls).csv,14078,thx for having renew on 🥰,0.0,Renew campaign captions,False,True,False
ALLTIME_MASS_MESSAGE_STATS - MASS.MESSAGE.STATS(has data for inactive girls).csv,14968,make sure you keep renew on if you want to see this come off😈,0.0,Renew campaign captions,False,True,False
ALLTIME_MASS_MESSAGE_STATS - MASS.MESSAGE.STATS(has data for inactive girls).csv,15343,i can see you have your renew on baby 💕 you make me feel so special 🤭 x,0.0,Renew campaign captions,False,True,False
ALLTIME_MASS_MESSAGE_STATS - MASS.MESSAGE.STATS(has data for inactive girls).csv,15349,Thank you for having your renew on… I love you !!! Here’s my appreciation to you ❤️,0.0,Renew campaign captions,False,True,False
ALLTIME_MASS_MESSAGE_STATS - MASS.MESSAGE.STATS(has data for inactive girls).csv,15350,You just missed your renew offer it was some topless unseen content 🤭 they got it for free 😮‍💨😮‍💨 turn it ON to get it 👀👀,0.0,Renew campaign captions,False,True,False
ALLTIME_MASS_MESSAGE_STATS - MASS.MESSAGE.STATS(has data for inactive girls).csv,15377,Thank you so much for having your renew on baby I really appreciate it here’s a little thank you 💕🍒,0.0,Renew campaign captions,False,True,False
ALLTIME_MASS_MESSAGE_STATS - MASS.MESSAGE.STATS(has data for inactive girls).csv,15378,Baby don’t forget to turn your renew on for lots of freebies and to be put in my vip club 💕🍒,0.0,Renew campaign captions,False,True,False
ALLTIME_MASS_MESSAGE_STATS - MASS.MESSAGE.STATS(has data for inactive girls).csv,15497,"You're about to lose access to all this fun… Your sub is expiring soon! and once it’s gone, so are the steamy vids, spicy chats, and everything I’ve been teasing just for you Don’t disappear on me now… hit that renew button and let’s keep playing 💋🔥 https://onlyfans.com/ENTERUSERNAME?enable_renew=1",0.0,Renew campaign captions,True,True,False
ALLTIME_MASS_MESSAGE_STATS - MASS.MESSAGE.STATS(has data for inactive girls).csv,15941,"Here’s a challenge for you: turn your renew on, and I’ll send you a private, exclusive treat that’ll make this December your hottest one yet 🔥 https://onlyfans.com/ ?enable_renew=1",0.0,Renew campaign captions,True,True,False
ALLTIME_MASS_MESSAGE_STATS - MASS.MESSAGE.STATS(has data for inactive girls).csv,15948,"You’ve been so good this year… but I think it’s time we get a little naughty. 😘 Renew now, and I’ll send you a steamy holiday surprise. Let’s make it happen 😏 https://onlyfans.com/ /c3",0.0,Renew campaign captions,True,True,False
ALLTIME_MASS_MESSAGE_STATS - MASS.MESSAGE.STATS(has data for inactive girls).csv,15956,"The fireworks might be over, but I’ve got something hotter waiting for you😏 Turn your renew on, and I’ll send you a private New Year’s surprise to start 2025 off right 😉 https://onlyfans.com/ ?enable_renew=1",0.0,Renew campaign captions,True,True,False
ALLTIME_MASS_MESSAGE_STATS - MASS.MESSAGE.STATS(has data for inactive girls).csv,17782,"You’re already inside, baby and it’s only getting hotter from here 🔥Renew now and I’ll make it worth your while… personally.",0.0,Renew campaign captions,False,True,False
ALLTIME_MASS_MESSAGE_STATS - MASS.MESSAGE.STATS(has data for inactive girls).csv,17835,"I just saw you turned off your renewal 😔 gonna miss having you here with me! If you change your mind, I’ll be waiting... with even hotter surprises just for you 😊",0.0,Renew campaign captions,False,True,False
ALLTIME_MASS_MESSAGE_STATS - MASS.MESSAGE.STATS(has data for inactive girls).csv,17866,keep me close and keep the goodies coming! auto-renew is your VIP key to everything naughty and nice 😘,0.0,Renew campaign captions,False,True,False
ALLTIME_MASS_MESSAGE_STATS - MASS.MESSAGE.STATS(has data for inactive girls).csv,17867,"saw that auto-renew turned off. Did I misbehave, or are you just playing hard to get? 😢",0.0,Renew campaign captions,False,True,False
ALLTIME_MASS_MESSAGE_STATS - MASS.MESSAGE.STATS(has data for inactive girls).csv,17876,The heat doesn't stop when you leave! but you’ll sure miss it. Turn renew back on and let’s fix this 😘,0.0,Renew campaign captions,False,True,False
ALLTIME_MASS_MESSAGE_STATS - MASS.MESSAGE.STATS(has data for inactive girls).csv,17877,u already unlocked me once… don’t lock yourself out. Auto-renew keeps you in the good stuff 😉,0.0,Renew campaign captions,False,True,False
ALLTIME_MASS_MESSAGE_STATS - MASS.MESSAGE.STATS(has data for inactive girls).csv,17891,"your sub is about to expire, renew on maybe? That means you get more of this every single month 😈",0.0,Renew campaign captions,False,True,False
ALLTIME_MASS_MESSAGE_STATS - MASS.MESSAGE.STATS(has data for inactive girls).csv,17892,"Notice your renewal is off, leaving already? But we were just getting steamy 😩",0.0,Renew campaign captions,False,True,False
ALLTIME_MASS_MESSAGE_STATS - MASS.MESSAGE.STATS(has data for inactive girls).csv,17901,You just made my day 😘 so please keep that renewal ON! you’re locked in for all the spicy content I’ve got coming 🔥,0.0,Renew campaign captions,False,True,False
ALLTIME_MASS_MESSAGE_STATS - MASS.MESSAGE.STATS(has data for inactive girls).csv,18006,renew your sub before Friday for a surprise 🎁,0.0,Renew campaign captions,False,True,False
ALLTIME_MASS_MESSAGE_STATS - MASS.MESSAGE.STATS(has data for inactive girls).csv,18241,"Hey baby, I’m coming to the end of my first month and just wanted to say how fun you’ve been! just a little insight into my next month. My main page will be spicer and my content will be cheaper & a lot of new fun content coming so keep your renew on 😈 a little hint, girl on girl coming soon x",0.0,Renew campaign captions,False,True,False
ALLTIME_MASS_MESSAGE_STATS - MASS.MESSAGE.STATS(has data for inactive girls).csv,18325,"You know you want more of this body, this mouth, this filth… renew now 😮‍💨",0.0,Renew campaign captions,False,True,False
ALLTIME_MASS_MESSAGE_STATS - MASS.MESSAGE.STATS(has data for inactive girls).csv,18386,My nudes are one thing… but my videos? You need to see what’s next 💋 Tap renew to see all of it 😏,0.0,Renew campaign captions,False,True,False
ALLTIME_MASS_MESSAGE_STATS - MASS.MESSAGE.STATS(has data for inactive girls).csv,18537,Hey make sure your renew is on baby! 🤪 how’s your day is there anything I can do to help you?,0.0,Renew campaign captions,False,True,False
ALLTIME_MASS_MESSAGE_STATS - MASS.MESSAGE.STATS(has data for inactive girls).csv,18591,"Hey there, how've you been, sweetheart? It's been a minute since we had a real chat, you know? I've been swamped with lots of fans joining my page and a ton of custom requests. But I'm finally free now, and I'd absolutely love for us to connect more! 💖 I'd be grateful if you could renew your subscription on my page so that we can stay in touch moving forward. As a token of my appreciation, once you do, I'll send you a surprise video to show just how sincere I am about getting closer to you. 😘",0.0,Renew campaign captions,False,True,False
ALLTIME_MASS_MESSAGE_STATS - MASS.MESSAGE.STATS(has data for inactive girls).csv,18610,hi babyyy thanks for keeping your renew on for me! love ya,0.0,Renew campaign captions,False,True,False
ALLTIME_MASS_MESSAGE_STATS - MASS.MESSAGE.STATS(has data for inactive girls).csv,18611,heyy babeeee why is your renew off? aren't you interested to me anymore? :( i have lots to show you! u gotta turn it on now!,0.0,Renew campaign captions,False,True,False
ALLTIME_MASS_MESSAGE_STATS - MASS.MESSAGE.STATS(has data for inactive girls).csv,18651,a sweet treat for u 'cause you've been sweet to me <3 xoxo keep ur renew on for me okaaay? and let's enjoy our time together here!,0.0,Renew campaign captions,False,True,False
ALLTIME_MASS_MESSAGE_STATS - MASS.MESSAGE.STATS(has data for inactive girls).csv,18660,u deserve to see this :)) just keep ur renew on for random nude surprises baby ;),0.0,Renew campaign captions,False,True,False
ALLTIME_MASS_MESSAGE_STATS - MASS.MESSAGE.STATS(has data for inactive girls).csv,18836,"Are u up for some rewards?😘 Turn ur renew on and let me spoil you with them, you just have to wait not too much btw to get them, I'll be waiting for you in to do it!😈https://onlyfans.com/ ?enable_renew=1",0.0,Renew campaign captions,True,True,False
ALLTIME_MASS_MESSAGE_STATS - MASS.MESSAGE.STATS(has data for inactive girls).csv,18847,"i really can't believe you haven't turned your rebill on,🙈 did you know I have exclusive rewards for you if you do that? Don't wait too much for it! 😋 I know you're gonna love all I got for you https://onlyfans.com/ ?enable_renew=1",0.0,Renew campaign captions,True,False,False
ALLTIME_MASS_MESSAGE_STATS - MASS.MESSAGE.STATS(has data for inactive girls).csv,18848,"hey i got so many kinds of gifts 🎁 for u and to get them turn your rebill on, don't you want to have fun with me? Click the link down here and I'm gonna make you cum😈https://onlyfans.com/ ?enable_renew=1",0.0,Renew campaign captions,True,False,False
ALLTIME_MASS_MESSAGE_STATS - MASS.MESSAGE.STATS(has data for inactive girls).csv,18870,there's no way u didn't turn your rebill on yet! Do it for me so i can send you tons of rewards 💜 they're a lot so do it please you won't regret that! https://onlyfans.com/ ?enable_renew=1,0.0,Renew campaign captions,True,False,False
ALLTIME_MASS_MESSAGE_STATS - MASS.MESSAGE.STATS(has data for inactive girls).csv,19784,I’ve been saving my wildest content just for you… and it’d be such a shame if you missed it 😩 One click keeps it all coming.... don’t let this be the end of our fun 💦 RENEW now and keep the heat going! 💋 https://onlyfans.com/ENTERUSERNAME?enable_renew=1,0.0,Renew campaign captions,True,True,False
ALLTIME_MASS_MESSAGE_STATS - MASS.MESSAGE.STATS(has data for inactive girls).csv,19830,"Time’s ticking, and your access to all my spicy drops is slipping away 😩 Renew now to keep my naughtiest vids, daily posts, and private messages coming 💋 I’ve got more fun waiting just for you… don’t leave me hanging 😈💦 https://onlyfans.com/ENTERUSERNAME?enable_renew=1",0.0,Renew campaign captions,True,True,False
ALLTIME_MASS_MESSAGE_STATS - MASS.MESSAGE.STATS(has data for inactive girls).csv,20130,You’re this close to missing out on the surprise I’ve been saving just for you... 🔥 Renew your sub and come unwrap your reward. 😏,0.0,Renew campaign captions,False,True,False
ALLTIME_MASS_MESSAGE_STATS - MASS.MESSAGE.STATS(has data for inactive girls).csv,20258,"You’ve been gone way too long… and I’ve dropped so much new, wild content 😈 Renew your sub now and catch up on everything you’ve missed 💋 Send me a gift emoji once you’ve resubbed. I’ve got something naughty waiting for you 🎁",0.0,Renew campaign captions,False,True,False
ALLTIME_MASS_MESSAGE_STATS - MASS.MESSAGE.STATS(has data for inactive girls).csv,22645,Just filmed my first g/g vids turn on renew if you want me to send it to you rn 🥰 https://onlyfans.com/ ?enable_renew=1,0.0,Renew campaign captions,True,True,False
ALLTIME_MASS_MESSAGE_STATS - MASS.MESSAGE.STATS(has data for inactive girls).csv,22647,turn renew on for a free surprise 🤫 ***click the link below to get your free surprise 👅*** once you click the link I can send my gift to you 💦 [enter link here],0.0,Renew campaign captions,True,True,False
ALLTIME_MASS_MESSAGE_STATS - MASS.MESSAGE.STATS(has data for inactive girls).csv,23637,### WANT A FREE SEXTAPE? 💞✨ All you need to do is **go sub to ** and ***turn your renew on 💓*** Once you do that text her **“renew on😘”** and she'll send you her most recent sextape **right away😍✨** If you want to see **how good** her pussy looks ***Leaking cum🤭💦*** click the link below daddy👇🏼 https://onlyfans.com/ ?enable_renew=1,0.0,Renew campaign captions,True,True,False
ALLTIME_MASS_MESSAGE_STATS - MASS.MESSAGE.STATS(has data for inactive girls).csv,25196,## Click this **link** daddy to **turn on** renews to ***keep getting FREE*** sexy pics 🤪💞 Making new content tonight you wont want to miss 🤭😱 🛎️⬇️ ⬇️ ⬇️ ⬇️ ⬇️ ⬇️ ⬇️ ⬇️🛎️ https://onlyfans.com/ENTERUSERNAME?enable_renew=1,0.0,Renew campaign captions,True,False,False
ALLTIME_MASS_MESSAGE_STATS - MASS.MESSAGE.STATS(has data for inactive girls).csv,25202,### FREE DOGGYSTYLE BUNDLE 🔞 I am sending a **FREE DOGGYSTYLE BUNDLE** to everyone with renew on tonight 📆 make sure you have your renew on if you want **DAILY FREE SURPRISES** 😈 click the link below to turn renew on NOW 👇🏼 https://onlyfans.com/ENTERUSERNAME?enable_renew=1,0.0,Renew campaign captions,True,True,False
ALLTIME_MASS_MESSAGE_STATS - MASS.MESSAGE.STATS(has data for inactive girls).csv,25221,### 🍑 FREE BOOTY BUNDLE 🍑 If you want **DAILY FREE BUNDLES** sent to you then make sure to have your renew on 🥰 I love spoiling my renew on subs **EVERYDAY with free bundles 🙈 click the link below to sign up** ⬇️ https://onlyfans.com/ENTERUSERNAME?enable_renew=1,0.0,Renew campaign captions,True,True,False
ALLTIME_MASS_MESSAGE_STATS - MASS.MESSAGE.STATS(has data for inactive girls).csv,25224,### thx for having renew on daddy 💖,0.0,Renew campaign captions,False,True,False
ALLTIME_MASS_MESSAGE_STATS - MASS.MESSAGE.STATS(has data for inactive girls).csv,25237,### thanks for having renew on baby 😘,0.0,Renew campaign captions,False,True,False
ALLTIME_MASS_MESSAGE_STATS - MASS.MESSAGE.STATS(has data for inactive girls).csv,25299,🍑 FREE BOOTY BUNDLE 🍑 If you want DAILY FREE BUNDLES sent to you then make sure to have your renew on 🥰 I love spoiling my renew on subs EVERYDAY with free bundles 🙈 click the link below to sign up ⬇️ https://onlyfans.com/ENTERUSERNAME?enable_renew=1,0.0,Renew campaign captions,True,True,False
ALLTIME_MASS_MESSAGE_STATS - MASS.MESSAGE.STATS(has data for inactive girls).csv,25795,"Looks like your access to my most intimate content is about to end… but it doesn’t have to 😉 You know you’ll miss the steamy DMs, the exclusive pics I never post anywhere else, and the way I make you feel 😊Hit that renew button and let’s keep the fun going!",0.0,Renew campaign captions,False,True,False
ALLTIME_MASS_MESSAGE_STATS - MASS.MESSAGE.STATS(has data for inactive girls).csv,25800,Hey babe 💌 just a lil reminder! don’t miss out on the fun 👀 renew now and come play with me some more 💕,0.0,Renew campaign captions,False,True,False
ALLTIME_MASS_MESSAGE_STATS - MASS.MESSAGE.STATS(has data for inactive girls).csv,25830,Did I do something wrong? You didn’t renew 💔,0.0,Renew campaign captions,False,True,False
ALLTIME_MASS_MESSAGE_STATS - MASS.MESSAGE.STATS(has data for inactive girls).csv,25831,love seeing your name here every month! so don't forget to renew! 😊,0.0,Renew campaign captions,False,True,False
ALLTIME_MASS_MESSAGE_STATS - MASS.MESSAGE.STATS(has data for inactive girls).csv,27056,Come back and let me remind you why you subscribed in the first place 😈 Renew now & I’ll send you something extra special!,0.0,Renew campaign captions,False,True,False
ALLTIME_MASS_MESSAGE_STATS - MASS.MESSAGE.STATS(has data for inactive girls).csv,27075,you know damn well you’re not done with me! Click that renew button before you regret missing what’s next 🔥,0.0,Renew campaign captions,False,True,False
ALLTIME_MASS_MESSAGE_STATS - MASS.MESSAGE.STATS(has data for inactive girls).csv,27076,Mmmm… you kept that renew ON? That’s why you’re one of my favs 😘 You already know I treat my loyal babes extra good… get ready for exclusive love coming your way 💌,0.0,Renew campaign captions,False,True,False
ALLTIME_MASS_MESSAGE_STATS - MASS.MESSAGE.STATS(has data for inactive girls).csv,27084,don’t let our story end here... 🔥 I have so much more to show you 😏 Renew now and stay close to the magic!,0.0,Renew campaign captions,False,True,False
ALLTIME_MASS_MESSAGE_STATS - MASS.MESSAGE.STATS(has data for inactive girls).csv,27119,"I noticed you didn’t renew, want something to come back? 🙈",0.0,Renew campaign captions,False,True,False
ALLTIME_MASS_MESSAGE_STATS - MASS.MESSAGE.STATS(has data for inactive girls).csv,27128,renew? ready for more? I’ve got some surprises planned 😈,0.0,Renew campaign captions,False,True,False
ALLTIME_MASS_MESSAGE_STATS - MASS.MESSAGE.STATS(has data for inactive girls).csv,27137,"You’re overdue for a good stroke session, baby 😋 Don't forget to press renew 😊",0.0,Renew campaign captions,False,True,False
ALLTIME_MASS_MESSAGE_STATS - MASS.MESSAGE.STATS(has data for inactive girls).csv,27147,Guess who’s back in the fun zone? keep that renew button on 😊,0.0,Renew campaign captions,False,True,False
ALLTIME_MASS_MESSAGE_STATS - MASS.MESSAGE.STATS(has data for inactive girls).csv,30551,Your renew is off 🥺that means you missed my sweet pussy lips out today :( make sure you turn renew on next time!,0.0,Renew campaign captions,False,True,False
ALLTIME_MASS_MESSAGE_STATS - MASS.MESSAGE.STATS(has data for inactive girls).csv,30570,"The clock is ticking, babe... ⏳ Your access to my secret world is about to vanish. Renew before it’s too late and I’ll sweeten the deal with a naughty surprise! 😭😈",0.0,Renew campaign captions,False,True,False
ALLTIME_MASS_MESSAGE_STATS - MASS.MESSAGE.STATS(has data for inactive girls).csv,30571,"Let’s not say goodbye yet... 🌃 The night is full of possibilities, and so am I. Renew now for instant access to all clusive content and a special treat just for you! 🎁💋",0.0,Renew campaign captions,False,True,False
ALLTIME_MASS_MESSAGE_STATS - MASS.MESSAGE.STATS(has data for inactive girls).csv,30578,"Don't go anywhere, Daddy... 😉 Keep your access to my naughty world! Renew now & I'll slide a special, unreleased clip right into your DMs as a thank you! 🔥💦 Let's keep playing! 😘",0.0,Renew campaign captions,False,True,False
ALLTIME_MASS_MESSAGE_STATS - MASS.MESSAGE.STATS(has data for inactive girls).csv,30579,"Almost time, baby! ⏳ Don't wanna lose you... Stay subscribed and I'll make sure your loyalty is rewarded with something extra juicy this month! 🍑 Tap renew! 💖",0.0,Renew campaign captions,False,True,False
ALLTIME_MASS_MESSAGE_STATS - MASS.MESSAGE.STATS(has data for inactive girls).csv,30588,"Let's keep this going... 😈 Your access is ending soon, but renew and get a personalized tease in your DMs. Don't miss it! ⏳💋",0.0,Renew campaign captions,False,True,False
ALLTIME_MASS_MESSAGE_STATS - MASS.MESSAGE.STATS(has data for inactive girls).csv,30589,"Not ready to say goodbye, are you? 😊 Renew now for instant access to new content and a hot bonus from me! 😏🔥",0.0,Renew campaign captions,False,True,False
ALLTIME_MASS_MESSAGE_STATS - MASS.MESSAGE.STATS(has data for inactive girls).csv,30821,"Babe, don’t ghost me just yet 😘 Auto-renew is off because I’ve got way more heat coming your way… and trust me, you don’t wanna miss a thing",0.0,Renew campaign captions,False,True,False
ALLTIME_MASS_MESSAGE_STATS - MASS.MESSAGE.STATS(has data for inactive girls).csv,30822,"Renew ON, because honestly… who wants to play catch-up when you could be staying in the front row? 😉",0.0,Renew campaign captions,False,True,False
ALLTIME_MASS_MESSAGE_STATS - MASS.MESSAGE.STATS(has data for inactive girls).csv,30824,Spoiling you? A full-time job. Auto-renew is ON so we don’t have to say goodbye. Ever. 🙈,0.0,Renew campaign captions,False,True,False
ALLTIME_MASS_MESSAGE_STATS - MASS.MESSAGE.STATS(has data for inactive girls).csv,33153,I was having a great day until I noticed your auto-renew is off 😭 Can you turn that back on so I won't be sad all day? 🥺,0.0,Renew campaign captions,False,True,False
ALLTIME_MASS_MESSAGE_STATS - MASS.MESSAGE.STATS(has data for inactive girls).csv,33159,"u made it this far with me, u really gonna stop now? 😏💖 renew rn n let’s take things even further 😈",0.0,Renew campaign captions,False,True,False
ALLTIME_MASS_MESSAGE_STATS - MASS.MESSAGE.STATS(has data for inactive girls).csv,33167,"this is ur reminder to hit that renew button before u lose me 😢💖 trust me, the best is still ahead 😉",0.0,Renew campaign captions,False,True,False
ALLTIME_MASS_MESSAGE_STATS - MASS.MESSAGE.STATS(has data for inactive girls).csv,33180,Only my VIP fans get access to what’s coming next 😈 Renew now & I’ll personally send you something extra. But act fast—I don’t wait long.,0.0,Renew campaign captions,False,True,False
ALLTIME_MASS_MESSAGE_STATS - MASS.MESSAGE.STATS(has data for inactive girls).csv,33182,You let your access expire… but I’m not giving up on you yet 😏 Renew now & I’ll personally make it worth your while.,0.0,Renew campaign captions,False,True,False
ALLTIME_MASS_MESSAGE_STATS - MASS.MESSAGE.STATS(has data for inactive girls).csv,33204,"Keep the Thrill Alive, Babe! 🎉 Your subscription's almost up, but you can stay in the game! Renew now and dive back into my world with all the exclusive goodies, plus a secret surprise to keep things spicy! 💋🔥",0.0,Renew campaign captions,False,True,False
ALLTIME_MASS_MESSAGE_STATS - MASS.MESSAGE.STATS(has data for inactive girls).csv,33217,"You're Missing Out on the Good Stuff! 🚨 But don't worry, you can jump back in! Renew and I've got a filthy secret waiting just for you. Let's pick up where we left off, babe! 😈💌",0.0,Renew campaign captions,False,True,False
ALLTIME_MASS_MESSAGE_STATS - MASS.MESSAGE.STATS(has data for inactive girls).csv,33227,"Don’t let this fade out, babe! 🔥 Your access is almost gone, but the best is coming! Renew now and grab a dirty little gift delivered to you. Keep the fun going! 😉😘",0.0,Renew campaign captions,False,True,False
ALLTIME_MASS_MESSAGE_STATS - MASS.MESSAGE.STATS(has data for inactive girls).csv,33234,"You just made the best decision, keep the renew button on! now I’m all yours. Again. 💕",0.0,Renew campaign captions,False,True,False
ALLTIME_MASS_MESSAGE_STATS - MASS.MESSAGE.STATS(has data for inactive girls).csv,33243,you just unlocked the good stuff again… keep it renew 😏,0.0,Renew campaign captions,False,True,False
EROS CAPTION LOGGER 💙 - BUMPS.csv,518,you just unlocked the good stuff again... keep it renew 😏,0.0,Renew campaign captions,False,True,False
EROS CAPTION LOGGER 💙 - BUMPS.csv,611,You let your access expire... but I’m not giving up on you yet 😏 Renew now I’ll personally make it worth your while.,0.0,Renew campaign captions,False,True,False
EROS CAPTION LOGGER 💙 - BUMPS.csv,613,Only my VIP fans get access to what’s coming next 😈 Renew now I’ll personally send you something extra. But act fast—I don’t wait long.,0.0,Renew campaign captions,False,True,False
EROS CAPTION LOGGER 💙 - BUMPS.csv,1489,"Renew ON, because honestly... who wants to play catch-up when you could be staying in the front row? 😉",0.0,Renew campaign captions,False,True,False
EROS CAPTION LOGGER 💙 - BUMPS.csv,1490,"Babe, don’t ghost me just yet 😘 Auto-renew is off because I’ve got way more heat coming your way... and trust me, you don’t wanna miss a thing",0.0,Renew campaign captions,False,True,False
EROS CAPTION LOGGER 💙 - BUMPS.csv,1559,"Don't go anywhere, Daddy... 😉 Keep your access to my naughty world! Renew now I'll slide a special, unreleased clip right into your DMs as a thank you! 🔥💦 Let's keep playing! 😘",0.0,Renew campaign captions,False,True,False
EROS CAPTION LOGGER 💙 - BUMPS.csv,1793,Come back and let me remind you why you subscribed in the first place 😈Renew now I’ll send you something extra special!,0.0,Renew campaign captions,False,True,False
EROS CAPTION LOGGER 💙 - BUMPS.csv,1824,Mmmm... you kept that renew ON? That’s why you’re one of my favs 😘 You already know I treat my loyal babes extra good... get ready for exclusive love coming your way 💌,0.0,Renew campaign captions,False,True,False
EROS CAPTION LOGGER 💙 - BUMPS.csv,2981,"Looks like your access to my most intimate content is about to end... but it doesn’t have to 😉You know you’ll miss the steamy DMs, the exclusive pics I never post anywhere else, and the way I make you feel 😊Hit that renew button and let’s keep the fun going!",0.0,Renew campaign captions,False,True,False
EROS CAPTION LOGGER 💙 - BUMPS.csv,4171,This week I have a better 🎁 for you having ***Renew*** activated! I’m so appreciative of your support and I always love making you happy XOXO 💋,0.0,Renew campaign captions,False,True,False
EROS CAPTION LOGGER 💙 - BUMPS.csv,4660,Dropping My Fav Blowjob and fuck video today with LIZ 😩💦To this day I remember how she made my toes curl as she sucked me off and had the wettest pussy 💦that I can't stop myself from giving her the best backshots while looking at her prefect asshole as she spread her cheeks apart until I busted inside of her😩🥴 I will send this 25mins+ full video to you plus extra goodies 😈 if you renew your sub this May 🥵🔥,0.0,Renew campaign captions,False,True,False
EROS CAPTION LOGGER 💙 - BUMPS.csv,4883,"🎁 Renew Gift 🎁 For all your loyalty, how’s my tits looking? ❤️",0.0,Renew campaign captions,False,True,False
EROS CAPTION LOGGER 💙 - BUMPS.csv,4890,If you have ***RENEW*** activated for next week you can receive pics like this without the cover up! Soooo... what are you waiting? 😏😈,0.0,Renew campaign captions,False,True,False
EROS CAPTION LOGGER 💙 - BUMPS.csv,4895,"Make sure to receive ***FREE*** gifts weekly, have renew on... or else you’re just missing out! 😏",0.0,Renew campaign captions,False,True,False
EROS CAPTION LOGGER 💙 - BUMPS.csv,5665,🥰.thank you for being here and supporting me every month 🥰 here's 2 videos for my RENEW / REBILL gift this month ❤️ 1- BJ / titty fuck / rimjob 2- shower fun i appreciate you 😘,0.0,Renew campaign captions,False,True,False
EROS CAPTION LOGGER 💙 - BUMPS.csv,5666,Just a reminder to ***turn ON your RENEW / REBILL button*** 😉 I’ll be sending ***FREE exclusive videos*** to everyone who has their RENEW / REBILL turned ON this weekend ❤️,0.0,Renew campaign captions,False,True,False
EROS CAPTION LOGGER 💙 - BUMPS.csv,5676,"🎉 ***REBILL*** time 🎉 i'll be sending ***3 FREE VIDEOS*** this weekend to everyone who has their ***"" REBILL / RENEW "" TURNED ON*** so make sure yours is TURNED ON so that u dont miss out ❤️",0.0,Renew campaign captions,False,True,False
EROS CAPTION LOGGER 💙 - BUMPS.csv,5680,the pictures are just for you to focus on my message 😜 ***i'm sending 2 FREE videos to everyone who has their REBILL / RENEW turned ON*** the videos will be sent next TUESDAY the 10th ❤️ - one of those FREE videos will be an EXCLUSIVE SEX VIDEO (BG) 🍆💦,0.0,Renew campaign captions,False,True,False
EROS CAPTION LOGGER 💙 - BUMPS.csv,5683,good morning 😍 that's me waking up next to u ;) I just wanted to let u know that i'm sending 1 or 2 EXCLUSIVE ***FREE VIDEOS*** this Friday to everyone who has their ***REBILL / RENEW*** button turned ON 🥳 so make sure you turn it ON now so that you dont forget ❤️,0.0,Renew campaign captions,False,True,False
EROS CAPTION LOGGER 💙 - BUMPS.csv,5690,🚨 make sure to have your REBILL / RENEW turned ON 🚨 i will be sending a free exclusive video (or 2) this WEEK-END to everyone who has their REBILL / RENEW turned ON,0.0,Renew campaign captions,False,True,False
EROS CAPTION LOGGER 💙 - BUMPS.csv,5691,"**Just like that, keep going**. .that rock hard cock of yours that you have been stroking for me.. I want you to empty your balls for me. Yes!! Drain ur balls all over my ass..Look at all that fucking cum!! Now turn ***on*** your ***auto renew*** before you keep missing out on all my steamy content 😘",0.0,Renew campaign captions,False,True,False
EROS CAPTION LOGGER 💙 - BUMPS.csv,5746,🚨 TURN ON your REBILL / RENEW buttons 🚨i will be sending 2 NEW and FREE videos to everyone who has their REBILL / RENEW turned ON ...ill send this weekend so better turn ON now 🥳,0.0,Renew campaign captions,False,True,False
EROS CAPTION LOGGER 💙 - BUMPS.csv,5762,🎁 it’s REBILL time 🎁 I’m sending ***2 FREE videos*** to everyone who has their ***REBILL / RENEW turned ON*** tomorrow 🥳 So make sure to have it ON ❤️,0.0,Renew campaign captions,False,True,False
EROS CAPTION LOGGER 💙 - BUMPS.csv,5766,🎉 Its REBILL / RENEW time 🎉 ***Make sure your REBILL / RENEW button is turned ON*** I will send everyone who has it turned ON a free exclusive video (or 2) this Sunday (the 23rd) ❤️❤️❤️,0.0,Renew campaign captions,False,True,False
EROS CAPTION LOGGER 💙 - BUMPS.csv,5769,here's 2 free videos to thank you for having your ***REBILL / RENEW turned ON*** 1st one is called : South Beach sex scene cuz it was shot on Collins Avenue right on South Beach lol ...and the 2nd one is just me being a cum dumspter lol,0.0,Renew campaign captions,False,True,False
EROS CAPTION LOGGER 💙 - BUMPS.csv,5770,I’m sending a FREE EXCLUSIVE video (or 2) to everyone who has their ***REBILL / RENEW*** button turned ON I’ll send this weekend so make sure you have TURNED ON before that ❤️ you don’t wanna miss it,0.0,Renew campaign captions,False,True,False
EROS CAPTION LOGGER 💙 - BUMPS.csv,5780,🎁 make sure to have your REBILL / RENEW turned ON 🎁i'm sending 3 FREE VIDEOS to everyone who has their REBILL / RENEW button turned ON ❤️🥳💦i'm sending them NEXT WEEKEND (april 26) ...so you have a full week to make sure yours is TURNED ON 😘 *one of the 3 videos will be the full length version of that pink hood clip 👅,0.0,Renew campaign captions,False,True,False
EROS CAPTION LOGGER 💙 - BUMPS.csv,5788,🚨 sending these 2 full videos for FREE to everyone who has their REBILL / RENEW turned ON🚨CK set pillow humping / JOI ++ oiled up / riding dildo JOI😋 👅💦🍆So make sure u have your REBILL / RENEW button TURNED ON to receive those 2 videos for FREE (both over 20 minutes)in your inbox on WEDNESDAY ❤️,0.0,Renew campaign captions,False,True,False
EROS CAPTION LOGGER 💙 - BUMPS.csv,5824,"🎁 i just wanted to thank you for keeping your ""RENEW ON"" 🎁 so for this month...here's a masked JOI video - in a dress / heels / pantyhose ❤️ i appreciate ur support 😘",0.0,Renew campaign captions,False,True,False
EROS CAPTION LOGGER 💙 - BUMPS.csv,5826,Hey guys ❤️ I’m sending a free masked videos this weekend to everyone who has their REBILL / RENEW turned ON So make sure yours is ON 😋,0.0,Renew campaign captions,False,True,False
EROS CAPTION LOGGER 💙 - BUMPS.csv,5832,"♥️🎉 Happy New Years !! 🍾🥂 Wishing you all health, love, happiness wealth💋 • I hope you are all ready for 2022.. I have lots of NEW sexy dirty content planned 🤐 .. you are not ready for it!! Make sure your auto renew is on to find out 🔥💦",0.0,Renew campaign captions,False,True,False
EROS CAPTION LOGGER 💙 - BUMPS.csv,5865,💦 I’ll be sending this video to everyone who has their RENEW button ON 💦 make sure u have it ON by Sunday night.... if u want to see me be a CUM DUMPSTER 😋 those tits were made to take loads of cum 😝,0.0,Renew campaign captions,False,True,False
EROS CAPTION LOGGER 💙 - BUMPS.csv,5882,🎉***turn you REBILL / RENEW ON*** 🎉 i'm sending a FREE VIDEO to everyone who has their REBILL / RENEW turned ON 🎁 you'll receive it on Monday!! fully naked on a real street 😬 i was just in a slutty mood that day ...i stopped the car and took off my bikini ...and walked around fully naked 😅,0.0,Renew campaign captions,False,True,False
EROS CAPTION LOGGER 💙 - BUMPS.csv,5892,🎉 I’m sending a FREE VIDEO to everyone who has their “RENEW / REBILL” turned ON 🎉 make sure u have it turned on and if u do ...you’ll receive a NEW + FREE + EXCLUSIVE video next Monday morning ❤️❤️❤️,0.0,Renew campaign captions,False,True,False
EROS CAPTION LOGGER 💙 - BUMPS.csv,5903,🎉 I’m sending a FREE video this weekend 🎉 make sure u have your REBILL / RENEW turned ON ...I’m sending a FREE VIDEO to everyone who has it turned ON on Saturday ❤️,0.0,Renew campaign captions,False,True,False
EROS CAPTION LOGGER 💙 - BUMPS.csv,5914,Happy Titty Tuesday everyone !! Don’t forget to turn on ur rebill(renew on)☑️ to get a FREE video tomorrow! Oil/Dragon Tongue/Riding/ Squ*rt - 9 minute Video 💦 preview is on wall!,0.0,Renew campaign captions,False,True,False
EROS CAPTION LOGGER 💙 - BUMPS.csv,5936,Just a reminder to : TURN YOUR RENEW /REBILL ON ❤️ I’m sending a free video to everyone who has it turned ON ...this Wednesday 😍😍😍 enjoy the new walllpapers 😉,0.0,Renew campaign captions,False,True,False
EROS CAPTION LOGGER 💙 - BUMPS.csv,5944,Here’s some new wallpapers for u guys 😋 andddddd don’t forget to keep your” RENEW : ON” cuz I’m sending a FREE VIDEO at the end of the month to everyone who has their RENEW ON ❤️,0.0,Renew campaign captions,False,True,False
EROS CAPTION LOGGER 💙 - BUMPS.csv,5960,What should I make for you today🥺 I'm only taking your request if renew is on💋,0.0,Renew campaign captions,False,True,False
EROS CAPTION LOGGER 💙 - BUMPS.csv,6000,I'm going to be banning everyone with renew off at the end of the day🥺🙈 You really want to miss seeing this perfect body I've been working on for you baby,0.0,Renew campaign captions,False,True,False
EROS CAPTION LOGGER 💙 - BUMPS.csv,7313,u already unlocked me once... don’t lock yourself out. Auto-renew keeps you in the good stuff 😉,0.0,Renew campaign captions,False,True,False
EROS CAPTION LOGGER 💙 - BUMPS.csv,7433,"You’re already inside, baby and it’s only getting hotter from here 🔥Renew now and I’ll make it worth your while... personally.",0.0,Renew campaign captions,False,True,False
EROS CAPTION LOGGER 💙 - BUMPS.csv,7448,My nudes are one thing... but my videos? You need to see what’s next 💋 Tap renew to see all of it 😏,0.0,Renew campaign captions,False,True,False
EROS CAPTION LOGGER 💙 - BUMPS.csv,7511,"You know you want more of this body, this mouth, this filth... renew now 😮‍💨",0.0,Renew campaign captions,False,True,False
EROS CAPTION LOGGER 💙 - BUMPS.csv,7543,Hey make sure your renew is on baby! 🤪 how’s your day is there anything I can do to help you?,0.0,Renew campaign captions,False,True,False
EROS CAPTION LOGGER 💙 - BUMPS.csv,7557,a sweet treat for u 'cause you've been sweet to me 3 xoxo keep ur renew on for me okaaay? and let's enjoy our time together here!,0.0,Renew campaign captions,False,True,False
EROS CAPTION LOGGER 💙 - BUMPS.csv,7560,"Hey there, how've you been, sweetheart? It's been a minute since we had a real chat, you know? I've been swamped with lots of fans joining my page and a ton of custom requests. But I'm finally free now, and I'd absolutely love for us to connect more! 💖 I'd be grateful if you could renew your subscription on my page so that we can stay in touch moving forward. As a token of my appreciation, once you do, I'll send you a surprise video to show just how sincere I am about getting closer to you. 😘",0.0,Renew campaign captions,False,True,False
EROS CAPTION LOGGER 💙 - BUMPS.csv,7606,"Hey baby, I’m coming to the end of my first month and just wanted to say how fun you’ve been! just a little insight into my next month. My main page will be spicer and my content will be cheaper a lot of new fun content coming so keep your renew on 😈 a little hint, girl on girl coming soon x",0.0,Renew campaign captions,False,True,False
EROS CAPTION LOGGER 💙 - BUMPS.csv,8948,"You’ve been gone way too long... and I’ve dropped so much new, wild content 😈 Renew your sub now and catch up on everything you’ve missed 💋 Send me a gift emoji once you’ve resubbed. I’ve got something naughty waiting for you 🎁",0.0,Renew campaign captions,False,True,False
EROS CAPTION LOGGER 💙 - BUMPS.csv,9136,RENEW ON exclusive video gift 3 thank u for supporting me 🥰🥰 an exclusive video will be sent at the beginning of each month to all renew on,0.0,Renew campaign captions,False,True,False
EROS CAPTION LOGGER 💙 - BUMPS.csv,9152,hi everyone3 last reminder that i’m only sending bbc sex tapes to ppl with rebill on. ILY thank u for supporting me (and even if u don’t renew sub thank u for supporting me at all MUAHH) ❤️❤️also will be live on cb tonight so be there !!,0.0,Renew campaign captions,False,True,False
EROS CAPTION LOGGER 💙 - BUMPS.csv,9860,I'm dropping daily heat... don’t let it pass you by 😏 Tap renew stay in my naughty little world 💋,0.0,Renew campaign captions,False,True,False
EROS CAPTION LOGGER 💙 - BUMPS.csv,9870,"Your subscription might end... but this pussy show doesn’t 😈 so tap that renew button, so the fun will never stop 😏",0.0,Renew campaign captions,False,True,False
EROS CAPTION LOGGER 💙 - BUMPS.csv,10688,Thank you for having your renew on... I love you !!! Here’s my appreciation to you ❤️,0.0,Renew campaign captions,False,True,False
EROS CAPTION LOGGER 💙 - BUMPS.csv,12049,"You're about to lose access to all this fun... Your sub is expiring soon! and once it’s gone, so are the steamy vids, spicy chats, and everything I’ve been teasing just for you Don’t disappear on me now... hit that renew button and let’s keep playing 💋🔥https://onlyfans.com/ENTERUSERNAME?enable_renew=1",0.0,Renew campaign captions,True,True,False
